,timing_coap_nb,energy_coap_nb,timing_coap_ltem,energy_coap_ltem,timing_mqtt_nb,energy_mqtt_nb,timing_mqtt_ltem,energy_mqtt_ltem
0,0.0003808630704592119,0.008741382736580634,-4.394218129662649e-06,-0.0026452615384945197,0.0004933412493057936,0.011473856662755117,0.0001985543731327215,0.0028307410216066296
1,27.4933425629186,35.500090082800014,12.413665177720992,39.05479570252402,28.637847393008833,48.912150682106784,13.95727813770086,57.83642502250115
