,timing_coap_nb,energy_coap_nb,timing_coap_ltem,energy_coap_ltem,timing_mqtt_nb,energy_mqtt_nb,timing_mqtt_ltem,energy_mqtt_ltem
0,0.0005345293028219903,0.0090588702275826,-2.7879011415595054e-05,-0.0027237811415556333,0.0004931942596249268,0.011572920468472294,0.00023698511368189012,0.0030748213171010123
1,27.354790040040037,35.17841062304693,12.444074949949947,39.767287666838975,28.650831049679486,48.77773158504339,13.837193088942303,56.8317671321929
